[
  {
    "foodItemID": "F001",
    "foodItemName": "Vegetarian Spring Rolls",
    "category": "Appetizer",
    "image": "spring_rolls.jpg",
    "price": 6
  },
  {
    "foodItemID": "F002",
    "foodItemName": "Chocolate Brownie Sundae",
    "category": "Dessert",
    "image": "brownie_sundae.jpg",
    "price": 7
  },
  {
    "foodItemID": "F003",
    "foodItemName": "Green Tea",
    "category": "Beverages",
    "image": "green_tea.jpg",
    "price": 2
  },
  {
    "foodItemID": "F004",
    "foodItemName": "Vegan Chocolate Cake",
    "category": "Dessert",
    "image": "vegan_chocolate_cake.jpg",
    "price": 10
  },
  {
    "foodItemID": "F005",
    "foodItemName": "Cold Coffee",
    "category": "Beverages",
    "image": "cold_coffee.jpg",
    "price": 4
  }
]
