[
  {
    "orderID": "O001",
    "userID": "User1",
    "foodItemID": "F001",
    "status": "Pending",
    "qty": 2,
    "total": 12
  },
  {
    "orderID": "O002",
    "userID": "User2",
    "foodItemID": "F002",
    "status": "Approved",
    "qty": 1,
    "total": 7
  },
  {
    "orderID": "O003",
    "userID": "User1",
    "foodItemID": "F004",
    "status": "Cancelled",
    "qty": 1,
    "total": 10
  },
  {
    "orderID": "O004",
    "userID": "User2",
    "foodItemID": "F003",
    "status": "Pending",
    "qty": 3,
    "total": 6
  }
]
